Workbook

Sheet Hướng dẫn
A1: Tài liệu | B1: Q&A ES-STATION – 10 điểm cần chốt (bản 2026-10-20)
A2: Người trả lời | B2: hong (PM). Câu nào cần hỏi khách (ESキッチン) thì gửi sheet “Q&A (JA)”.
A3: Bối cảnh | B3: Khi cập nhật wiki ES-STATION theo bản es-station ngày 20/10, có 10 chỗ mà đặc tả, sổ quyết định và thiết kế màn hình đang nói khác nhau. Sơ đồ luồng hiện vẽ theo cột “Đề xuất của nhóm”; câu trả lời sẽ được ghi vào sổ tiếp nhận rồi sửa sơ đồ và wiki.
A4: Cách trả lời | B4: 1. Mở sheet “Q&A (VI)”. 2. Ở cột “Trả lời” (ô vàng) chọn A, B hoặc Khác. 3. Nếu chọn Khác hoặc có điều kiện thêm, ghi ở cột “Ghi chú trả lời”. 4. Điền “Người trả lời” và “Ngày trả lời” (yyyy-mm-dd). Cột “Trạng thái” tự đổi thành “Đã trả lời” khi có câu trả lời. Sheet “Q&A (JA)” tự lấy câu trả lời từ sheet VI.
A5: Ô cần điền | B5: Chỉ các ô nền vàng ở sheet “Q&A (VI)”. Các ô khác không cần sửa.
A6: Mức độ | B6: Cao = ảnh hưởng tiền, bảo mật hoặc lịch xuất hàng · Trung bình = ảnh hưởng thao tác / dữ liệu · Thấp = hiển thị.
A7: Sheet “Căn cứ (nội bộ)” | B7: Nguồn tài liệu đang khác nhau và sơ đồ bị ảnh hưởng. Chỉ dùng nội bộ, không gửi khách.
A9: Tổng hợp
A10: Số câu | B10: =COUNTA('Q&A (VI)'!A2:A11)
A11: Đã trả lời | B11: =COUNTIF('Q&A (VI)'!N2:N11,"Đã trả lời")
A12: Chờ trả lời | B12: =COUNTIF('Q&A (VI)'!N2:N11,"Chờ trả lời")
A14: Ví dụ một câu trả lời | B14: Trả lời: A · Ghi chú: “Đúng, giữ 17:00 thứ Sáu; bỏ chữ tạm thời.” · Người trả lời: hong · Ngày: 2026-10-21

Sheet Q&A (VI)
A1: No | B1: Nhóm nghiệp vụ | C1: Mức độ | D1: Câu hỏi | E1: Phương án A | F1: Phương án B | G1: Vì sao cần hỏi | H1: Đề xuất của nhóm | I1: Nếu chọn phương án khác | J1: Trả lời (A / B / Khác) | K1: Ghi chú trả lời | L1: Người trả lời | M1: Ngày trả lời | N1: Trạng thái
A2: 1 | B2: Mẫu kinh doanh | C2: Cao | D2: Nhân viên vận hành đăng ký gửi mẫu thử cho khách tiềm năng. Đến một giờ cố định, hệ thống “chốt” các đăng ký này và tạo chỉ thị xuất hàng cho kho. Giờ chốt đó là lúc nào? | E2: A. 17:00 thứ Sáu của tuần trước tuần xuất hàng. | F2: B. 2 ngày làm việc trước thứ Hai của tuần xuất hàng. | G2: Quyết định hạn chót để vận hành thêm / sửa mẫu, và ngày kho nhận chỉ thị xuất hàng. | H2: A — theo quyết định họp ngày 16/10 (đang ghi là tạm thời). | I2: Đổi giờ chốt tự động và câu hướng dẫn trên màn đăng ký mẫu; không phát sinh màn mới. | J2: A | L2: hong | M2: 2026-10-20 | N2: =IF(J2="","Chờ trả lời","Đã trả lời")
A3: 2 | B3: Giao hàng | C3: Thấp | D3: Khi khách nhờ, nhân viên vận hành có thể đổi địa chỉ giao của riêng một chuyến (ví dụ: chuyến tuần này giao tới văn phòng khác). Khi đổi, có bắt buộc nhập lý do không? | E3: A. Không bắt buộc — nhập nếu cần. | F3: B. Bắt buộc nhập lý do. | G3: Ảnh hưởng thao tác hằng ngày của vận hành và nội dung lưu trong lịch sử thay đổi của chuyến giao. | H3: A — theo quyết định 13/10 (lý do ở các màn sửa là tùy chọn). | I3: Thêm kiểm tra bắt buộc và thông báo lỗi trên ô lý do. | J3: A | L3: hong | M3: 2026-10-20 | N3: =IF(J3="","Chờ trả lời","Đã trả lời")
A4: 3 | B4: Giao hàng | C4: Trung bình | D4: Với chuyến do công ty vận tải giao (không có báo cáo của tài xế ES), nếu không có thông tin gì thêm thì hệ thống tự coi chuyến đó là “đã giao”. Việc tự cập nhật này chạy lúc nào? | E4: A. 0:00, cùng lúc với các xử lý tự động hằng ngày khác. | F4: B. 6:00 sáng ngày hôm sau ngày giao. | G4: Quyết định lúc nào khách và vận hành thấy trạng thái “đã giao”, và lúc nào hệ thống báo chuyến bị thiếu dữ liệu. | H4: A — theo quyết định 16/10 (mọi xử lý tự động chạy lúc 0:00). | I4: Tách riêng giờ chạy của xử lý này; không phát sinh màn mới. | J4: Khác | K4: Giao bằng ES mà không có báo cáo thì là sự cố (trouble), không tự động đổi trạng thái. (Còn hỏi lại: chuyến do công ty vận tải giao vẫn tự coi là “đã giao”? chạy 0:00 hay 6:00?) | L4: hong | M4: 2026-10-20 | N4: =IF(J4="","Chờ trả lời","Đã trả lời")
A5: 4 | B5: Mua hàng | C5: Trung bình | D5: Ngoài hội viên dùng app, còn có người mua qua ESQR (mua bằng mã QR, không dùng app) và khách vãng lai. Trên màn quản lý mua hàng, những người này có được hiển thị mã người dùng như hội viên app không? | E5: A. Có — mỗi người có mã người dùng, xem được lịch sử mua theo từng người. | F5: B. Không — cột mã người dùng để trống (“—”). | G5: Quyết định có xem / tổng hợp mua hàng theo từng người với ESQR và khách hay không. | H5: A — theo đặc tả mua hàng · thanh toán · hoàn tiền. | I5: Giữ cột trống và bỏ tổng hợp theo người cho ESQR / khách. | J5: A | L5: hong | M5: 2026-10-20 | N5: =IF(J5="","Chờ trả lời","Đã trả lời")
A6: 5 | B6: Đăng ký doanh nghiệp | C6: Cao | D6: Khi vận hành “đăng ký tạm” một đơn đăng ký mới, hệ thống gửi mail hướng dẫn đăng nhập (kèm mật khẩu ban đầu). Mail này gửi cho ai? | E6: A. Tất cả người phụ trách khai trong đơn (người chính, người phụ, người nhận hóa đơn). | F6: B. Chỉ người phụ trách chính và người điền đơn. | G6: Liên quan tới việc ai nhận được mật khẩu ban đầu; gửi nhầm người là rủi ro bảo mật. | H6: B — theo sổ quyết định (danh sách email đang ghi khác, sẽ sửa theo câu trả lời). | I6: Đổi danh sách người nhận của mail; sửa lại danh sách email. | J6: B | L6: hong | M6: 2026-10-20 | N6: =IF(J6="","Chờ trả lời","Đã trả lời")
A7: 6 | B7: Nhập kho | C7: Trung bình | D7: Nhà cung cấp nhập hạn sử dụng khi xác nhận đơn đặt hàng. Khi hàng về kho, nhân viên nhập số lượng và số thùng. Lúc nhập kho, nhân viên có phải nhập lại hạn sử dụng không? | E7: A. Không — màn nhập kho chỉ hiển thị hạn sử dụng nhà cung cấp đã nhập. | F7: B. Có — bắt buộc nhập hạn sử dụng thực tế khi nhập kho. | G7: Ảnh hưởng thao tác của kho và nơi lấy hạn sử dụng để quản lý tồn kho. | H7: A — theo quy định mới hơn (08/10). | I7: Thêm ô nhập hạn sử dụng bắt buộc ở màn nhập kho. | J7: A | L7: hong | M7: 2026-10-20 | N7: =IF(J7="","Chờ trả lời","Đã trả lời")
A8: 7 | B8: Nhà cung cấp | C8: Thấp | D8: Trên site nhà cung cấp có trang danh sách thông báo. Mỗi trang hiển thị bao nhiêu dòng? | E8: A. Cho chọn 10 / 20 / 50 / 100 dòng, giống các danh sách khác. | F8: B. Cố định 10 dòng. | G8: Thống nhất cách hiển thị danh sách giữa các site. | H8: A — theo quy định chung về bảng danh sách (18/10). | I8: Bỏ ô chọn số dòng ở trang này. | J8: A | L8: hong | M8: 2026-10-20 | N8: =IF(J8="","Chờ trả lời","Đã trả lời")
A9: 8 | B9: Mua hàng | C9: Trung bình | D9: Đơn mua trên app tự hủy khi quá 30 phút chưa thanh toán xong. Màn quản lý mua hàng có thao tác sửa một đơn “đã hủy” thành “đã thanh toán” (bắt buộc nhập lý do; thao tác này trừ tồn kho). Ai được phép làm thao tác này? | E9: A. Người có toàn quyền và người quản trị hệ thống. | F9: B. Chỉ người có toàn quyền. | G9: Đây là thao tác ảnh hưởng tới tiền và tồn kho; cần giới hạn người được làm. | H9: B — theo sổ quyết định 07/10 (thiết kế màn đang cho cả quản trị hệ thống, sẽ sửa theo câu trả lời). | I9: Mở thêm quyền cho vai trò quản trị hệ thống; cập nhật bảng phân quyền. | J9: Khác | K9: Người có quyền chỉnh sửa màn quản lý mua hàng (theo bảng phân quyền: toàn quyền; quản trị hệ thống có quyền sửa mọi màn → thực tế là phương án A). | L9: hong | M9: 2026-10-20 | N9: =IF(J9="","Chờ trả lời","Đã trả lời")
A10: 9 | B10: Đối tác vận chuyển | C10: Trung bình | D10: Vận hành gửi yêu cầu báo giá cho nhiều đơn vị giao hàng ủy thác, kèm hạn trả lời. Nếu đã quá hạn nhưng vận hành vẫn chưa chọn công ty và chưa hủy yêu cầu, đơn vị giao hàng có được gửi báo giá không? | E10: A. Được — vẫn gửi được cho tới khi vận hành chọn công ty hoặc hủy. | F10: B. Không — quá hạn thì màn của đơn vị giao hàng hiện “hết hạn” và khóa nút trả lời. | G10: Quyết định có nhận thêm báo giá muộn hay không, và vận hành có phải gia hạn trước khi nhận. | H10: A — theo quyết định 18/10. | I10: Khóa nút trả lời khi quá hạn; vận hành phải gia hạn nếu muốn nhận thêm. | J10: A | L10: hong | M10: 2026-10-20 | N10: =IF(J10="","Chờ trả lời","Đã trả lời")
A11: 10 | B11: Hủy hợp đồng | C11: Cao | D11: Sau khi cơ sở hủy hợp đồng, tài khoản chỉ còn quyền xem cho tới khi hóa đơn cuối được thanh toán. Tài khoản bị dừng hẳn vào lúc nào? | E11: A. Tự động vào ngày sau hạn thanh toán của hóa đơn cuối. | F11: B. Vận hành tự dừng vào cuối tháng hủy hợp đồng. | G11: Quyết định khách xem được hóa đơn cuối và làm kiểm kê cuối tới khi nào, và vận hành có phải thao tác tay không. | H11: A — theo quyết định 18/10 (mới hơn quyết định 16/10). | I11: Bỏ việc tự dừng; thêm việc cần làm cho vận hành ở cuối tháng. | J11: A | L11: hong | M11: 2026-10-20 | N11: =IF(J11="","Chờ trả lời","Đã trả lời")

Sheet Q&A (JA)
A1: No | B1: 分類 | C1: 重要度 | D1: 確認したいこと | E1: 案 A | F1: 案 B | G1: 確認が必要な理由 | H1: 提案（Dipro） | I1: 別の案を選んだ場合 | J1: 回答 | K1: 回答メモ | L1: 回答者 | M1: 回答日 | N1: 状態
A2: 1 | B2: 営業サンプル | C2: 高 | D2: 営業担当（運営）が見込み客への営業サンプルを登録します。決まった時刻にシステムが受付を締め、倉庫へ出荷指示を出します。 この締めの時刻はいつにしますか？ | E2: A. 出荷週の前週の金曜日 17:00 | F2: B. 出荷週の月曜日の2営業日前 | G2: 運営がサンプルを追加・修正できる期限と、倉庫が出荷指示を受け取る日が決まります。 | H2: A（10/16 の定例の決定。現在は暫定扱い） | I2: 自動締めの時刻と登録画面の案内文を変更します。新しい画面は不要です。 | J2: =IF('Q&A (VI)'!J2="","",IF('Q&A (VI)'!J2="Khác","その他",'Q&A (VI)'!J2)) | K2: =IF('Q&A (VI)'!K2="","",'Q&A (VI)'!K2) | L2: =IF('Q&A (VI)'!L2="","",'Q&A (VI)'!L2) | M2: =IF('Q&A (VI)'!M2="","",'Q&A (VI)'!M2) | N2: =IF(J2="","未回答","回答済")
A3: 2 | B3: 配送 | C3: 低 | D3: お客様の依頼で、運営が1便だけお届け先の住所を変えることがあります（例：今週の便だけ別の事務所へ）。 変更するとき、理由の入力は必須にしますか？ | E3: A. 必須にしない（必要なときだけ入力） | F3: B. 必須にする | G3: 運営の日々の操作と、配送の変更履歴に残る内容に関わります。 | H3: A（10/13 の決定：修正画面の理由は任意） | I3: 理由欄に必須チェックとエラー表示を追加します。 | J3: =IF('Q&A (VI)'!J3="","",IF('Q&A (VI)'!J3="Khác","その他",'Q&A (VI)'!J3)) | K3: =IF('Q&A (VI)'!K3="","",'Q&A (VI)'!K3) | L3: =IF('Q&A (VI)'!L3="","",'Q&A (VI)'!L3) | M3: =IF('Q&A (VI)'!M3="","",'Q&A (VI)'!M3) | N3: =IF(J3="","未回答","回答済")
A4: 3 | B4: 配送 | C4: 中 | D4: 運送会社が届ける便（ESのドライバーの報告がない便）は、ほかの情報がなければシステムが自動で「納品済」にします。 この自動更新はいつ動かしますか？ | E4: A. 0:00（ほかの日次の自動処理と同じ時刻） | F4: B. お届け日の翌朝 6:00 | G4: お客様と運営が「納品済」を見る時刻と、データ不足の便を知らせる時刻が決まります。 | H4: A（10/16 の決定：自動処理はすべて 0:00） | I4: この処理だけ実行時刻を分けます。画面の追加はありません。 | J4: =IF('Q&A (VI)'!J4="","",IF('Q&A (VI)'!J4="Khác","その他",'Q&A (VI)'!J4)) | K4: =IF('Q&A (VI)'!K4="","",'Q&A (VI)'!K4) | L4: =IF('Q&A (VI)'!L4="","",'Q&A (VI)'!L4) | M4: =IF('Q&A (VI)'!M4="","",'Q&A (VI)'!M4) | N4: =IF(J4="","未回答","回答済")
A5: 4 | B5: 購入 | C5: 中 | D5: アプリの会員のほかに、ESQR（アプリを使わずQRコードから購入）で買う方とゲストがいます。 購入管理の画面で、この方たちにもアプリ会員と同じようにユーザーIDを表示しますか？ | E5: A. 表示する（1人ずつユーザーIDがあり、人ごとの購入履歴を見られる） | F5: B. 表示しない（ユーザーIDの欄は「—」） | G5: ESQR とゲストの購入を人ごとに見る・集計するかが決まります。 | H5: A（購入・決済・返金の仕様のとおり） | I5: ユーザーIDの欄を空にし、ESQR・ゲストの人ごとの集計をなくします。 | J5: =IF('Q&A (VI)'!J5="","",IF('Q&A (VI)'!J5="Khác","その他",'Q&A (VI)'!J5)) | K5: =IF('Q&A (VI)'!K5="","",'Q&A (VI)'!K5) | L5: =IF('Q&A (VI)'!L5="","",'Q&A (VI)'!L5) | M5: =IF('Q&A (VI)'!M5="","",'Q&A (VI)'!M5) | N5: =IF(J5="","未回答","回答済")
A6: 5 | B6: お申し込み | C6: 高 | D6: 運営が新規のお申し込みを「仮登録」すると、ログイン案内のメール（初期パスワード付き）を送ります。 このメールは誰に送りますか？ | E6: A. お申し込みに書かれた担当者全員（メイン・サブ・請求担当） | F6: B. メイン担当者と申込者だけ | G6: 初期パスワードを受け取る人が決まります。送り先を誤るとセキュリティの問題になります。 | H6: B（これまでの決定のとおり。メールの一覧は回答に合わせて直します） | I6: メールの送り先を変更し、メール一覧を直します。 | J6: =IF('Q&A (VI)'!J6="","",IF('Q&A (VI)'!J6="Khác","その他",'Q&A (VI)'!J6)) | K6: =IF('Q&A (VI)'!K6="","",'Q&A (VI)'!K6) | L6: =IF('Q&A (VI)'!L6="","",'Q&A (VI)'!L6) | M6: =IF('Q&A (VI)'!M6="","",'Q&A (VI)'!M6) | N6: =IF(J6="","未回答","回答済")
A7: 6 | B7: 入荷 | C7: 中 | D7: 賞味期限は、仕入先が発注を承認するときに入力します。入荷時、倉庫の担当者は数量とケース数を入力します。 入荷のとき、賞味期限をもう一度入力しますか？ | E7: A. 入力しない（入荷画面は仕入先が入力した賞味期限を表示するだけ） | F7: B. 入力する（入荷時に実際の賞味期限を必須で入力） | G7: 倉庫の作業と、在庫管理に使う賞味期限の出どころが決まります。 | H7: A（新しいほうの決まり：10/08） | I7: 入荷画面に賞味期限の必須入力欄を追加します。 | J7: =IF('Q&A (VI)'!J7="","",IF('Q&A (VI)'!J7="Khác","その他",'Q&A (VI)'!J7)) | K7: =IF('Q&A (VI)'!K7="","",'Q&A (VI)'!K7) | L7: =IF('Q&A (VI)'!L7="","",'Q&A (VI)'!L7) | M7: =IF('Q&A (VI)'!M7="","",'Q&A (VI)'!M7) | N7: =IF(J7="","未回答","回答済")
A8: 7 | B8: 仕入先 | C8: 低 | D8: 仕入先サイトにお知らせの一覧ページがあります。 1ページに何件表示しますか？ | E8: A. 10／20／50／100 件から選べる（ほかの一覧と同じ） | F8: B. 10件固定 | G8: サイト間で一覧の表示をそろえます。 | H8: A（一覧の表の共通の決まり：10/18） | I8: このページの件数の選択をなくします。 | J8: =IF('Q&A (VI)'!J8="","",IF('Q&A (VI)'!J8="Khác","その他",'Q&A (VI)'!J8)) | K8: =IF('Q&A (VI)'!K8="","",'Q&A (VI)'!K8) | L8: =IF('Q&A (VI)'!L8="","",'Q&A (VI)'!L8) | M8: =IF('Q&A (VI)'!M8="","",'Q&A (VI)'!M8) | N8: =IF(J8="","未回答","回答済")
A9: 8 | B9: 購入 | C9: 中 | D9: アプリの購入は、30分以内に支払いが終わらないとキャンセルになります。購入管理の画面には、キャンセルの購入を「支払済」に直す操作があります（理由は必須、在庫も減ります）。 この操作はどの役割にできるようにしますか？ | E9: A. フル権限とシステム管理 | F9: B. フル権限だけ | G9: お金と在庫に関わる操作なので、できる人を限定します。 | H9: B（10/07 の決定。画面設計はシステム管理も含めているので、回答に合わせて直します） | I9: システム管理にも権限を付け、権限表を直します。 | J9: =IF('Q&A (VI)'!J9="","",IF('Q&A (VI)'!J9="Khác","その他",'Q&A (VI)'!J9)) | K9: =IF('Q&A (VI)'!K9="","",'Q&A (VI)'!K9) | L9: =IF('Q&A (VI)'!L9="","",'Q&A (VI)'!L9) | M9: =IF('Q&A (VI)'!M9="","",'Q&A (VI)'!M9) | N9: =IF(J9="","未回答","回答済")
A10: 9 | B10: 委託配送先 | C10: 中 | D10: 運営は、期限を付けて複数の委託配送先に見積を依頼します。 期限を過ぎても運営がまだ1社に決めず、依頼も取り消していないとき、委託配送先は見積を回答できますか？ | E10: A. 回答できる（運営が決定または取消をするまで） | F10: B. 回答できない（期限を過ぎたら委託配送先の画面は「期限切れ」になり、回答ボタンを止める） | G10: 遅れて届く見積を受け付けるか、受け付ける前に期限の延長が必要かが決まります。 | H10: A（10/18 の決定） | I10: 期限を過ぎたら回答ボタンを止めます。追加で受けたいときは運営が期限を延ばします。 | J10: =IF('Q&A (VI)'!J10="","",IF('Q&A (VI)'!J10="Khác","その他",'Q&A (VI)'!J10)) | K10: =IF('Q&A (VI)'!K10="","",'Q&A (VI)'!K10) | L10: =IF('Q&A (VI)'!L10="","",'Q&A (VI)'!L10) | M10: =IF('Q&A (VI)'!M10="","",'Q&A (VI)'!M10) | N10: =IF(J10="","未回答","回答済")
A11: 10 | B11: 解約 | C11: 高 | D11: 拠点が解約すると、最終の請求書の支払いが終わるまでアカウントは参照のみになります。 アカウントを停止するのはいつですか？ | E11: A. 最終の請求書の入金期限の翌日に自動で停止 | F11: B. 解約月の月末に運営が手で停止 | G11: お客様が最終の請求書や最後の棚卸報告をいつまで使えるか、運営に手作業が要るかが決まります。 | H11: A（10/18 の決定。10/16 の決定より新しい） | I11: 自動停止をなくし、月末に運営の作業を追加します。 | J11: =IF('Q&A (VI)'!J11="","",IF('Q&A (VI)'!J11="Khác","その他",'Q&A (VI)'!J11)) | K11: =IF('Q&A (VI)'!K11="","",'Q&A (VI)'!K11) | L11: =IF('Q&A (VI)'!L11="","",'Q&A (VI)'!L11) | M11: =IF('Q&A (VI)'!M11="","",'Q&A (VI)'!M11) | N11: =IF(J11="","未回答","回答済")

Sheet Căn cứ (nội bộ)
A1: No | B1: Nhóm | C1: Các nguồn đang khác nhau (file · mục) | D1: Sơ đồ đang vẽ theo | E1: Ảnh hưởng (flow · màn hình)
A2: 1 | B2: Mẫu kinh doanh | C2: 営業サンプル.md 2-13（2営業日前【仮】）／台帳 AL（毎週 17:00）／台帳 AM #715（前週金曜 17:00、暫定） | D2: #715（A） | E2: Flow: Mẫu kinh doanh · Màn: AW_SMP
A3: 2 | B3: Giao hàng | C3: 配送_12 §15.14（必須）／配送_08 §15-13・台帳 W（任意） | D3: Tùy chọn（A） | E3: Flow: AW_DLVMNG · Màn: AW_DLVR
A4: 3 | B4: Giao hàng | C4: 配送_06 §11-2（翌日 06:00）／台帳 AL Q221（0:00 に統一）。チェーンが5ジョブか6ジョブか（配送_12 §16.13【要確認】）は社内で確認 | D4: 0:00（A） | E4: Flow: Chuỗi batch giao hàng · Tổng quan
A5: 4 | B5: Mua hàng | C5: 購入・決済・返金.md §1-4（ユーザーIDあり）／画面設計書 AW_SALE 11.1（—） | D5: Có（A） | E5: Flow: AW_SALE · Màn: AW_SALE
A6: 5 | B6: Đăng ký doanh nghiệp | C6: メール一覧_申込・申請・申込フォーム §10-6（全員）／台帳 L1183（メイン＋申込者） | D6: Ghi cả hai, 要確認 | E6: Flow: Đăng ký mới · Màn: AW_INTK
A7: 6 | B7: Nhập kho | C7: 発注・仕入・入荷 §8-2a（入力しない・新）／§8-2b（必須・旧） | D7: Không nhập（A） | E7: Flow: Đặt hàng · nhập kho · Màn: AW_RECV
A8: 7 | B8: Nhà cung cấp | C8: 画面設計書 SW_HOME（10/20/50/100）／発注 §5-15・台帳 S（10件ずつ） | D8: Chọn được（A） | E8: Flow: SW_HOME · Màn: SW_HOME_003
A9: 8 | B9: Mua hàng | C9: 台帳 F 2026-10-07（フル権限だけ）／画面設計書 AW_SALE 11.17（＋システム管理） | D9: Theo thiết kế（A） | E9: Flow: AW_SALE · Màn: AW_SALE
A10: 9 | B10: Đối tác vận chuyển | C10: 台帳 AT #41（続き③：依頼中なら回答できる）／画面設計書 OW_QUOT_001（期限切れは回答不可） | D10: Được（A） | E10: Flow: Yêu cầu báo giá · Màn: AW_QUOT · OW_QUOT
A11: 10 | B11: Hủy hợp đồng | C11: 台帳 AS #779・申請・承認 §6-8（入金期限の翌日）／台帳 AL ⑧ 2026-10-16（解約月末に運営が停止） | D11: #779（A） | E11: Flow: Hủy hợp đồng – hóa đơn cuối
